filename,case_id,split
TCGA-18-5592-01Z-00-DX1-x0_y0_w256_h256-mask.tif,TCGA-18-5592-01Z-00-DX1,train
TCGA-18-5592-01Z-00-DX1-x0_y256_w256_h256-mask.tif,TCGA-18-5592-01Z-00-DX1,train
TCGA-18-5592-01Z-00-DX1-x0_y512_w256_h256-mask.tif,TCGA-18-5592-01Z-00-DX1,train
TCGA-18-5592-01Z-00-DX1-x256_y0_w256_h256-mask.tif,TCGA-18-5592-01Z-00-DX1,train
TCGA-18-5592-01Z-00-DX1-x256_y256_w256_h256-mask.tif,TCGA-18-5592-01Z-00-DX1,train
TCGA-18-5592-01Z-00-DX1-x256_y512_w256_h256-mask.tif,TCGA-18-5592-01Z-00-DX1,train
TCGA-18-5592-01Z-00-DX1-x512_y0_w256_h256-mask.tif,TCGA-18-5592-01Z-00-DX1,train
TCGA-18-5592-01Z-00-DX1-x512_y256_w256_h256-mask.tif,TCGA-18-5592-01Z-00-DX1,train
TCGA-18-5592-01Z-00-DX1-x512_y512_w256_h256-mask.tif,TCGA-18-5592-01Z-00-DX1,train
TCGA-21-5784-01Z-00-DX1-x0_y0_w256_h256-mask.tif,TCGA-21-5784-01Z-00-DX1,test
TCGA-21-5784-01Z-00-DX1-x0_y256_w256_h256-mask.tif,TCGA-21-5784-01Z-00-DX1,test
TCGA-21-5784-01Z-00-DX1-x0_y512_w256_h256-mask.tif,TCGA-21-5784-01Z-00-DX1,test
TCGA-21-5784-01Z-00-DX1-x256_y0_w256_h256-mask.tif,TCGA-21-5784-01Z-00-DX1,test
TCGA-21-5784-01Z-00-DX1-x256_y256_w256_h256-mask.tif,TCGA-21-5784-01Z-00-DX1,test
TCGA-21-5784-01Z-00-DX1-x256_y512_w256_h256-mask.tif,TCGA-21-5784-01Z-00-DX1,test
TCGA-21-5784-01Z-00-DX1-x512_y0_w256_h256-mask.tif,TCGA-21-5784-01Z-00-DX1,test
TCGA-21-5784-01Z-00-DX1-x512_y256_w256_h256-mask.tif,TCGA-21-5784-01Z-00-DX1,test
TCGA-21-5784-01Z-00-DX1-x512_y512_w256_h256-mask.tif,TCGA-21-5784-01Z-00-DX1,test
TCGA-21-5786-01Z-00-DX1-x0_y0_w256_h256-mask.tif,TCGA-21-5786-01Z-00-DX1,val
TCGA-21-5786-01Z-00-DX1-x0_y256_w256_h256-mask.tif,TCGA-21-5786-01Z-00-DX1,val
TCGA-21-5786-01Z-00-DX1-x0_y512_w256_h256-mask.tif,TCGA-21-5786-01Z-00-DX1,val
TCGA-21-5786-01Z-00-DX1-x256_y0_w256_h256-mask.tif,TCGA-21-5786-01Z-00-DX1,val
TCGA-21-5786-01Z-00-DX1-x256_y256_w256_h256-mask.tif,TCGA-21-5786-01Z-00-DX1,val
TCGA-21-5786-01Z-00-DX1-x256_y512_w256_h256-mask.tif,TCGA-21-5786-01Z-00-DX1,val
TCGA-21-5786-01Z-00-DX1-x512_y0_w256_h256-mask.tif,TCGA-21-5786-01Z-00-DX1,val
TCGA-21-5786-01Z-00-DX1-x512_y256_w256_h256-mask.tif,TCGA-21-5786-01Z-00-DX1,val
TCGA-21-5786-01Z-00-DX1-x512_y512_w256_h256-mask.tif,TCGA-21-5786-01Z-00-DX1,val
TCGA-38-6178-01Z-00-DX1-x0_y0_w256_h256-mask.tif,TCGA-38-6178-01Z-00-DX1,val
TCGA-38-6178-01Z-00-DX1-x0_y256_w256_h256-mask.tif,TCGA-38-6178-01Z-00-DX1,val
TCGA-38-6178-01Z-00-DX1-x0_y512_w256_h256-mask.tif,TCGA-38-6178-01Z-00-DX1,val
TCGA-38-6178-01Z-00-DX1-x256_y0_w256_h256-mask.tif,TCGA-38-6178-01Z-00-DX1,val
TCGA-38-6178-01Z-00-DX1-x256_y256_w256_h256-mask.tif,TCGA-38-6178-01Z-00-DX1,val
TCGA-38-6178-01Z-00-DX1-x256_y512_w256_h256-mask.tif,TCGA-38-6178-01Z-00-DX1,val
TCGA-38-6178-01Z-00-DX1-x512_y0_w256_h256-mask.tif,TCGA-38-6178-01Z-00-DX1,val
TCGA-38-6178-01Z-00-DX1-x512_y256_w256_h256-mask.tif,TCGA-38-6178-01Z-00-DX1,val
TCGA-38-6178-01Z-00-DX1-x512_y512_w256_h256-mask.tif,TCGA-38-6178-01Z-00-DX1,val
TCGA-49-4488-01Z-00-DX1-x0_y0_w256_h256-mask.tif,TCGA-49-4488-01Z-00-DX1,train
TCGA-49-4488-01Z-00-DX1-x0_y256_w256_h256-mask.tif,TCGA-49-4488-01Z-00-DX1,train
TCGA-49-4488-01Z-00-DX1-x0_y512_w256_h256-mask.tif,TCGA-49-4488-01Z-00-DX1,train
TCGA-49-4488-01Z-00-DX1-x256_y0_w256_h256-mask.tif,TCGA-49-4488-01Z-00-DX1,train
TCGA-49-4488-01Z-00-DX1-x256_y256_w256_h256-mask.tif,TCGA-49-4488-01Z-00-DX1,train
TCGA-49-4488-01Z-00-DX1-x256_y512_w256_h256-mask.tif,TCGA-49-4488-01Z-00-DX1,train
TCGA-49-4488-01Z-00-DX1-x512_y0_w256_h256-mask.tif,TCGA-49-4488-01Z-00-DX1,train
TCGA-49-4488-01Z-00-DX1-x512_y256_w256_h256-mask.tif,TCGA-49-4488-01Z-00-DX1,train
TCGA-49-4488-01Z-00-DX1-x512_y512_w256_h256-mask.tif,TCGA-49-4488-01Z-00-DX1,train
TCGA-50-5931-01Z-00-DX1-x0_y0_w256_h256-mask.tif,TCGA-50-5931-01Z-00-DX1,train
TCGA-50-5931-01Z-00-DX1-x0_y256_w256_h256-mask.tif,TCGA-50-5931-01Z-00-DX1,train
TCGA-50-5931-01Z-00-DX1-x0_y512_w256_h256-mask.tif,TCGA-50-5931-01Z-00-DX1,train
TCGA-50-5931-01Z-00-DX1-x256_y0_w256_h256-mask.tif,TCGA-50-5931-01Z-00-DX1,train
TCGA-50-5931-01Z-00-DX1-x256_y256_w256_h256-mask.tif,TCGA-50-5931-01Z-00-DX1,train
TCGA-50-5931-01Z-00-DX1-x256_y512_w256_h256-mask.tif,TCGA-50-5931-01Z-00-DX1,train
TCGA-50-5931-01Z-00-DX1-x512_y0_w256_h256-mask.tif,TCGA-50-5931-01Z-00-DX1,train
TCGA-50-5931-01Z-00-DX1-x512_y256_w256_h256-mask.tif,TCGA-50-5931-01Z-00-DX1,train
TCGA-50-5931-01Z-00-DX1-x512_y512_w256_h256-mask.tif,TCGA-50-5931-01Z-00-DX1,train
TCGA-A7-A13E-01Z-00-DX1-x0_y0_w256_h256-mask.tif,TCGA-A7-A13E-01Z-00-DX1,train
TCGA-A7-A13E-01Z-00-DX1-x0_y256_w256_h256-mask.tif,TCGA-A7-A13E-01Z-00-DX1,train
TCGA-A7-A13E-01Z-00-DX1-x0_y512_w256_h256-mask.tif,TCGA-A7-A13E-01Z-00-DX1,train
TCGA-A7-A13E-01Z-00-DX1-x256_y0_w256_h256-mask.tif,TCGA-A7-A13E-01Z-00-DX1,train
TCGA-A7-A13E-01Z-00-DX1-x256_y256_w256_h256-mask.tif,TCGA-A7-A13E-01Z-00-DX1,train
TCGA-A7-A13E-01Z-00-DX1-x256_y512_w256_h256-mask.tif,TCGA-A7-A13E-01Z-00-DX1,train
TCGA-A7-A13E-01Z-00-DX1-x512_y0_w256_h256-mask.tif,TCGA-A7-A13E-01Z-00-DX1,train
TCGA-A7-A13E-01Z-00-DX1-x512_y256_w256_h256-mask.tif,TCGA-A7-A13E-01Z-00-DX1,train
TCGA-A7-A13E-01Z-00-DX1-x512_y512_w256_h256-mask.tif,TCGA-A7-A13E-01Z-00-DX1,train
TCGA-A7-A13F-01Z-00-DX1-x0_y0_w256_h256-mask.tif,TCGA-A7-A13F-01Z-00-DX1,test
TCGA-A7-A13F-01Z-00-DX1-x0_y256_w256_h256-mask.tif,TCGA-A7-A13F-01Z-00-DX1,test
TCGA-A7-A13F-01Z-00-DX1-x0_y512_w256_h256-mask.tif,TCGA-A7-A13F-01Z-00-DX1,test
TCGA-A7-A13F-01Z-00-DX1-x256_y0_w256_h256-mask.tif,TCGA-A7-A13F-01Z-00-DX1,test
TCGA-A7-A13F-01Z-00-DX1-x256_y256_w256_h256-mask.tif,TCGA-A7-A13F-01Z-00-DX1,test
TCGA-A7-A13F-01Z-00-DX1-x256_y512_w256_h256-mask.tif,TCGA-A7-A13F-01Z-00-DX1,test
TCGA-A7-A13F-01Z-00-DX1-x512_y0_w256_h256-mask.tif,TCGA-A7-A13F-01Z-00-DX1,test
TCGA-A7-A13F-01Z-00-DX1-x512_y256_w256_h256-mask.tif,TCGA-A7-A13F-01Z-00-DX1,test
TCGA-A7-A13F-01Z-00-DX1-x512_y512_w256_h256-mask.tif,TCGA-A7-A13F-01Z-00-DX1,test
TCGA-AR-A1AK-01Z-00-DX1-x0_y0_w256_h256-mask.tif,TCGA-AR-A1AK-01Z-00-DX1,test
TCGA-AR-A1AK-01Z-00-DX1-x0_y256_w256_h256-mask.tif,TCGA-AR-A1AK-01Z-00-DX1,test
TCGA-AR-A1AK-01Z-00-DX1-x0_y512_w256_h256-mask.tif,TCGA-AR-A1AK-01Z-00-DX1,test
TCGA-AR-A1AK-01Z-00-DX1-x256_y0_w256_h256-mask.tif,TCGA-AR-A1AK-01Z-00-DX1,test
TCGA-AR-A1AK-01Z-00-DX1-x256_y256_w256_h256-mask.tif,TCGA-AR-A1AK-01Z-00-DX1,test
TCGA-AR-A1AK-01Z-00-DX1-x256_y512_w256_h256-mask.tif,TCGA-AR-A1AK-01Z-00-DX1,test
TCGA-AR-A1AK-01Z-00-DX1-x512_y0_w256_h256-mask.tif,TCGA-AR-A1AK-01Z-00-DX1,test
TCGA-AR-A1AK-01Z-00-DX1-x512_y256_w256_h256-mask.tif,TCGA-AR-A1AK-01Z-00-DX1,test
TCGA-AR-A1AK-01Z-00-DX1-x512_y512_w256_h256-mask.tif,TCGA-AR-A1AK-01Z-00-DX1,test
TCGA-AR-A1AS-01Z-00-DX1-x0_y0_w256_h256-mask.tif,TCGA-AR-A1AS-01Z-00-DX1,train
TCGA-AR-A1AS-01Z-00-DX1-x0_y256_w256_h256-mask.tif,TCGA-AR-A1AS-01Z-00-DX1,train
TCGA-AR-A1AS-01Z-00-DX1-x0_y512_w256_h256-mask.tif,TCGA-AR-A1AS-01Z-00-DX1,train
TCGA-AR-A1AS-01Z-00-DX1-x256_y0_w256_h256-mask.tif,TCGA-AR-A1AS-01Z-00-DX1,train
TCGA-AR-A1AS-01Z-00-DX1-x256_y256_w256_h256-mask.tif,TCGA-AR-A1AS-01Z-00-DX1,train
TCGA-AR-A1AS-01Z-00-DX1-x256_y512_w256_h256-mask.tif,TCGA-AR-A1AS-01Z-00-DX1,train
TCGA-AR-A1AS-01Z-00-DX1-x512_y0_w256_h256-mask.tif,TCGA-AR-A1AS-01Z-00-DX1,train
TCGA-AR-A1AS-01Z-00-DX1-x512_y256_w256_h256-mask.tif,TCGA-AR-A1AS-01Z-00-DX1,train
TCGA-AR-A1AS-01Z-00-DX1-x512_y512_w256_h256-mask.tif,TCGA-AR-A1AS-01Z-00-DX1,train
TCGA-AY-A8YK-01A-01-TS1-x0_y0_w256_h256-mask.tif,TCGA-AY-A8YK-01A-01-TS1,train
TCGA-AY-A8YK-01A-01-TS1-x0_y256_w256_h256-mask.tif,TCGA-AY-A8YK-01A-01-TS1,train
TCGA-AY-A8YK-01A-01-TS1-x0_y512_w256_h256-mask.tif,TCGA-AY-A8YK-01A-01-TS1,train
TCGA-AY-A8YK-01A-01-TS1-x256_y0_w256_h256-mask.tif,TCGA-AY-A8YK-01A-01-TS1,train
TCGA-AY-A8YK-01A-01-TS1-x256_y256_w256_h256-mask.tif,TCGA-AY-A8YK-01A-01-TS1,train
TCGA-AY-A8YK-01A-01-TS1-x256_y512_w256_h256-mask.tif,TCGA-AY-A8YK-01A-01-TS1,train
TCGA-AY-A8YK-01A-01-TS1-x512_y0_w256_h256-mask.tif,TCGA-AY-A8YK-01A-01-TS1,train
TCGA-AY-A8YK-01A-01-TS1-x512_y256_w256_h256-mask.tif,TCGA-AY-A8YK-01A-01-TS1,train
TCGA-AY-A8YK-01A-01-TS1-x512_y512_w256_h256-mask.tif,TCGA-AY-A8YK-01A-01-TS1,train
TCGA-B0-5698-01Z-00-DX1-x0_y0_w256_h256-mask.tif,TCGA-B0-5698-01Z-00-DX1,train
TCGA-B0-5698-01Z-00-DX1-x0_y256_w256_h256-mask.tif,TCGA-B0-5698-01Z-00-DX1,train
TCGA-B0-5698-01Z-00-DX1-x0_y512_w256_h256-mask.tif,TCGA-B0-5698-01Z-00-DX1,train
TCGA-B0-5698-01Z-00-DX1-x256_y0_w256_h256-mask.tif,TCGA-B0-5698-01Z-00-DX1,train
TCGA-B0-5698-01Z-00-DX1-x256_y256_w256_h256-mask.tif,TCGA-B0-5698-01Z-00-DX1,train
TCGA-B0-5698-01Z-00-DX1-x256_y512_w256_h256-mask.tif,TCGA-B0-5698-01Z-00-DX1,train
TCGA-B0-5698-01Z-00-DX1-x512_y0_w256_h256-mask.tif,TCGA-B0-5698-01Z-00-DX1,train
TCGA-B0-5698-01Z-00-DX1-x512_y256_w256_h256-mask.tif,TCGA-B0-5698-01Z-00-DX1,train
TCGA-B0-5698-01Z-00-DX1-x512_y512_w256_h256-mask.tif,TCGA-B0-5698-01Z-00-DX1,train
TCGA-B0-5710-01Z-00-DX1-x0_y0_w256_h256-mask.tif,TCGA-B0-5710-01Z-00-DX1,train
TCGA-B0-5710-01Z-00-DX1-x0_y256_w256_h256-mask.tif,TCGA-B0-5710-01Z-00-DX1,train
TCGA-B0-5710-01Z-00-DX1-x0_y512_w256_h256-mask.tif,TCGA-B0-5710-01Z-00-DX1,train
TCGA-B0-5710-01Z-00-DX1-x256_y0_w256_h256-mask.tif,TCGA-B0-5710-01Z-00-DX1,train
TCGA-B0-5710-01Z-00-DX1-x256_y256_w256_h256-mask.tif,TCGA-B0-5710-01Z-00-DX1,train
TCGA-B0-5710-01Z-00-DX1-x256_y512_w256_h256-mask.tif,TCGA-B0-5710-01Z-00-DX1,train
TCGA-B0-5710-01Z-00-DX1-x512_y0_w256_h256-mask.tif,TCGA-B0-5710-01Z-00-DX1,train
TCGA-B0-5710-01Z-00-DX1-x512_y256_w256_h256-mask.tif,TCGA-B0-5710-01Z-00-DX1,train
TCGA-B0-5710-01Z-00-DX1-x512_y512_w256_h256-mask.tif,TCGA-B0-5710-01Z-00-DX1,train
TCGA-B0-5711-01Z-00-DX1-x0_y0_w256_h256-mask.tif,TCGA-B0-5711-01Z-00-DX1,train
TCGA-B0-5711-01Z-00-DX1-x0_y256_w256_h256-mask.tif,TCGA-B0-5711-01Z-00-DX1,train
TCGA-B0-5711-01Z-00-DX1-x0_y512_w256_h256-mask.tif,TCGA-B0-5711-01Z-00-DX1,train
TCGA-B0-5711-01Z-00-DX1-x256_y0_w256_h256-mask.tif,TCGA-B0-5711-01Z-00-DX1,train
TCGA-B0-5711-01Z-00-DX1-x256_y256_w256_h256-mask.tif,TCGA-B0-5711-01Z-00-DX1,train
TCGA-B0-5711-01Z-00-DX1-x256_y512_w256_h256-mask.tif,TCGA-B0-5711-01Z-00-DX1,train
TCGA-B0-5711-01Z-00-DX1-x512_y0_w256_h256-mask.tif,TCGA-B0-5711-01Z-00-DX1,train
TCGA-B0-5711-01Z-00-DX1-x512_y256_w256_h256-mask.tif,TCGA-B0-5711-01Z-00-DX1,train
TCGA-B0-5711-01Z-00-DX1-x512_y512_w256_h256-mask.tif,TCGA-B0-5711-01Z-00-DX1,train
TCGA-BC-A217-01Z-00-DX1-x0_y0_w256_h256-mask.tif,TCGA-BC-A217-01Z-00-DX1,test
TCGA-BC-A217-01Z-00-DX1-x0_y256_w256_h256-mask.tif,TCGA-BC-A217-01Z-00-DX1,test
TCGA-BC-A217-01Z-00-DX1-x0_y512_w256_h256-mask.tif,TCGA-BC-A217-01Z-00-DX1,test
TCGA-BC-A217-01Z-00-DX1-x256_y0_w256_h256-mask.tif,TCGA-BC-A217-01Z-00-DX1,test
TCGA-BC-A217-01Z-00-DX1-x256_y256_w256_h256-mask.tif,TCGA-BC-A217-01Z-00-DX1,test
TCGA-BC-A217-01Z-00-DX1-x256_y512_w256_h256-mask.tif,TCGA-BC-A217-01Z-00-DX1,test
TCGA-BC-A217-01Z-00-DX1-x512_y0_w256_h256-mask.tif,TCGA-BC-A217-01Z-00-DX1,test
TCGA-BC-A217-01Z-00-DX1-x512_y256_w256_h256-mask.tif,TCGA-BC-A217-01Z-00-DX1,test
TCGA-BC-A217-01Z-00-DX1-x512_y512_w256_h256-mask.tif,TCGA-BC-A217-01Z-00-DX1,test
TCGA-CH-5767-01Z-00-DX1-x0_y0_w256_h256-mask.tif,TCGA-CH-5767-01Z-00-DX1,test
TCGA-CH-5767-01Z-00-DX1-x0_y256_w256_h256-mask.tif,TCGA-CH-5767-01Z-00-DX1,test
TCGA-CH-5767-01Z-00-DX1-x0_y512_w256_h256-mask.tif,TCGA-CH-5767-01Z-00-DX1,test
TCGA-CH-5767-01Z-00-DX1-x256_y0_w256_h256-mask.tif,TCGA-CH-5767-01Z-00-DX1,test
TCGA-CH-5767-01Z-00-DX1-x256_y256_w256_h256-mask.tif,TCGA-CH-5767-01Z-00-DX1,test
TCGA-CH-5767-01Z-00-DX1-x256_y512_w256_h256-mask.tif,TCGA-CH-5767-01Z-00-DX1,test
TCGA-CH-5767-01Z-00-DX1-x512_y0_w256_h256-mask.tif,TCGA-CH-5767-01Z-00-DX1,test
TCGA-CH-5767-01Z-00-DX1-x512_y256_w256_h256-mask.tif,TCGA-CH-5767-01Z-00-DX1,test
TCGA-CH-5767-01Z-00-DX1-x512_y512_w256_h256-mask.tif,TCGA-CH-5767-01Z-00-DX1,test
TCGA-DK-A2I6-01A-01-TS1-x0_y0_w256_h256-mask.tif,TCGA-DK-A2I6-01A-01-TS1,train
TCGA-DK-A2I6-01A-01-TS1-x0_y256_w256_h256-mask.tif,TCGA-DK-A2I6-01A-01-TS1,train
TCGA-DK-A2I6-01A-01-TS1-x0_y512_w256_h256-mask.tif,TCGA-DK-A2I6-01A-01-TS1,train
TCGA-DK-A2I6-01A-01-TS1-x256_y0_w256_h256-mask.tif,TCGA-DK-A2I6-01A-01-TS1,train
TCGA-DK-A2I6-01A-01-TS1-x256_y256_w256_h256-mask.tif,TCGA-DK-A2I6-01A-01-TS1,train
TCGA-DK-A2I6-01A-01-TS1-x256_y512_w256_h256-mask.tif,TCGA-DK-A2I6-01A-01-TS1,train
TCGA-DK-A2I6-01A-01-TS1-x512_y0_w256_h256-mask.tif,TCGA-DK-A2I6-01A-01-TS1,train
TCGA-DK-A2I6-01A-01-TS1-x512_y256_w256_h256-mask.tif,TCGA-DK-A2I6-01A-01-TS1,train
TCGA-DK-A2I6-01A-01-TS1-x512_y512_w256_h256-mask.tif,TCGA-DK-A2I6-01A-01-TS1,train
TCGA-E2-A14V-01Z-00-DX1-x0_y0_w256_h256-mask.tif,TCGA-E2-A14V-01Z-00-DX1,test
TCGA-E2-A14V-01Z-00-DX1-x0_y256_w256_h256-mask.tif,TCGA-E2-A14V-01Z-00-DX1,test
TCGA-E2-A14V-01Z-00-DX1-x0_y512_w256_h256-mask.tif,TCGA-E2-A14V-01Z-00-DX1,test
TCGA-E2-A14V-01Z-00-DX1-x256_y0_w256_h256-mask.tif,TCGA-E2-A14V-01Z-00-DX1,test
TCGA-E2-A14V-01Z-00-DX1-x256_y256_w256_h256-mask.tif,TCGA-E2-A14V-01Z-00-DX1,test
TCGA-E2-A14V-01Z-00-DX1-x256_y512_w256_h256-mask.tif,TCGA-E2-A14V-01Z-00-DX1,test
TCGA-E2-A14V-01Z-00-DX1-x512_y0_w256_h256-mask.tif,TCGA-E2-A14V-01Z-00-DX1,test
TCGA-E2-A14V-01Z-00-DX1-x512_y256_w256_h256-mask.tif,TCGA-E2-A14V-01Z-00-DX1,test
TCGA-E2-A14V-01Z-00-DX1-x512_y512_w256_h256-mask.tif,TCGA-E2-A14V-01Z-00-DX1,test
TCGA-E2-A1B5-01Z-00-DX1-x0_y0_w256_h256-mask.tif,TCGA-E2-A1B5-01Z-00-DX1,train
TCGA-E2-A1B5-01Z-00-DX1-x0_y256_w256_h256-mask.tif,TCGA-E2-A1B5-01Z-00-DX1,train
TCGA-E2-A1B5-01Z-00-DX1-x0_y512_w256_h256-mask.tif,TCGA-E2-A1B5-01Z-00-DX1,train
TCGA-E2-A1B5-01Z-00-DX1-x256_y0_w256_h256-mask.tif,TCGA-E2-A1B5-01Z-00-DX1,train
TCGA-E2-A1B5-01Z-00-DX1-x256_y256_w256_h256-mask.tif,TCGA-E2-A1B5-01Z-00-DX1,train
TCGA-E2-A1B5-01Z-00-DX1-x256_y512_w256_h256-mask.tif,TCGA-E2-A1B5-01Z-00-DX1,train
TCGA-E2-A1B5-01Z-00-DX1-x512_y0_w256_h256-mask.tif,TCGA-E2-A1B5-01Z-00-DX1,train
TCGA-E2-A1B5-01Z-00-DX1-x512_y256_w256_h256-mask.tif,TCGA-E2-A1B5-01Z-00-DX1,train
TCGA-E2-A1B5-01Z-00-DX1-x512_y512_w256_h256-mask.tif,TCGA-E2-A1B5-01Z-00-DX1,train
TCGA-F9-A8NY-01Z-00-DX1-x0_y0_w256_h256-mask.tif,TCGA-F9-A8NY-01Z-00-DX1,train
TCGA-F9-A8NY-01Z-00-DX1-x0_y256_w256_h256-mask.tif,TCGA-F9-A8NY-01Z-00-DX1,train
TCGA-F9-A8NY-01Z-00-DX1-x0_y512_w256_h256-mask.tif,TCGA-F9-A8NY-01Z-00-DX1,train
TCGA-F9-A8NY-01Z-00-DX1-x256_y0_w256_h256-mask.tif,TCGA-F9-A8NY-01Z-00-DX1,train
TCGA-F9-A8NY-01Z-00-DX1-x256_y256_w256_h256-mask.tif,TCGA-F9-A8NY-01Z-00-DX1,train
TCGA-F9-A8NY-01Z-00-DX1-x256_y512_w256_h256-mask.tif,TCGA-F9-A8NY-01Z-00-DX1,train
TCGA-F9-A8NY-01Z-00-DX1-x512_y0_w256_h256-mask.tif,TCGA-F9-A8NY-01Z-00-DX1,train
TCGA-F9-A8NY-01Z-00-DX1-x512_y256_w256_h256-mask.tif,TCGA-F9-A8NY-01Z-00-DX1,train
TCGA-F9-A8NY-01Z-00-DX1-x512_y512_w256_h256-mask.tif,TCGA-F9-A8NY-01Z-00-DX1,train
TCGA-FG-A87N-01Z-00-DX1-x0_y0_w256_h256-mask.tif,TCGA-FG-A87N-01Z-00-DX1,train
TCGA-FG-A87N-01Z-00-DX1-x0_y256_w256_h256-mask.tif,TCGA-FG-A87N-01Z-00-DX1,train
TCGA-FG-A87N-01Z-00-DX1-x0_y512_w256_h256-mask.tif,TCGA-FG-A87N-01Z-00-DX1,train
TCGA-FG-A87N-01Z-00-DX1-x256_y0_w256_h256-mask.tif,TCGA-FG-A87N-01Z-00-DX1,train
TCGA-FG-A87N-01Z-00-DX1-x256_y256_w256_h256-mask.tif,TCGA-FG-A87N-01Z-00-DX1,train
TCGA-FG-A87N-01Z-00-DX1-x256_y512_w256_h256-mask.tif,TCGA-FG-A87N-01Z-00-DX1,train
TCGA-FG-A87N-01Z-00-DX1-x512_y0_w256_h256-mask.tif,TCGA-FG-A87N-01Z-00-DX1,train
TCGA-FG-A87N-01Z-00-DX1-x512_y256_w256_h256-mask.tif,TCGA-FG-A87N-01Z-00-DX1,train
TCGA-FG-A87N-01Z-00-DX1-x512_y512_w256_h256-mask.tif,TCGA-FG-A87N-01Z-00-DX1,train
TCGA-G2-A2EK-01A-02-TSB-x0_y0_w256_h256-mask.tif,TCGA-G2-A2EK-01A-02-TSB,val
TCGA-G2-A2EK-01A-02-TSB-x0_y256_w256_h256-mask.tif,TCGA-G2-A2EK-01A-02-TSB,val
TCGA-G2-A2EK-01A-02-TSB-x0_y512_w256_h256-mask.tif,TCGA-G2-A2EK-01A-02-TSB,val
TCGA-G2-A2EK-01A-02-TSB-x256_y0_w256_h256-mask.tif,TCGA-G2-A2EK-01A-02-TSB,val
TCGA-G2-A2EK-01A-02-TSB-x256_y256_w256_h256-mask.tif,TCGA-G2-A2EK-01A-02-TSB,val
TCGA-G2-A2EK-01A-02-TSB-x256_y512_w256_h256-mask.tif,TCGA-G2-A2EK-01A-02-TSB,val
TCGA-G2-A2EK-01A-02-TSB-x512_y0_w256_h256-mask.tif,TCGA-G2-A2EK-01A-02-TSB,val
TCGA-G2-A2EK-01A-02-TSB-x512_y256_w256_h256-mask.tif,TCGA-G2-A2EK-01A-02-TSB,val
TCGA-G2-A2EK-01A-02-TSB-x512_y512_w256_h256-mask.tif,TCGA-G2-A2EK-01A-02-TSB,val
TCGA-G9-6336-01Z-00-DX1-x0_y0_w256_h256-mask.tif,TCGA-G9-6336-01Z-00-DX1,train
TCGA-G9-6336-01Z-00-DX1-x0_y256_w256_h256-mask.tif,TCGA-G9-6336-01Z-00-DX1,train
TCGA-G9-6336-01Z-00-DX1-x0_y512_w256_h256-mask.tif,TCGA-G9-6336-01Z-00-DX1,train
TCGA-G9-6336-01Z-00-DX1-x256_y0_w256_h256-mask.tif,TCGA-G9-6336-01Z-00-DX1,train
TCGA-G9-6336-01Z-00-DX1-x256_y256_w256_h256-mask.tif,TCGA-G9-6336-01Z-00-DX1,train
TCGA-G9-6336-01Z-00-DX1-x256_y512_w256_h256-mask.tif,TCGA-G9-6336-01Z-00-DX1,train
TCGA-G9-6336-01Z-00-DX1-x512_y0_w256_h256-mask.tif,TCGA-G9-6336-01Z-00-DX1,train
TCGA-G9-6336-01Z-00-DX1-x512_y256_w256_h256-mask.tif,TCGA-G9-6336-01Z-00-DX1,train
TCGA-G9-6336-01Z-00-DX1-x512_y512_w256_h256-mask.tif,TCGA-G9-6336-01Z-00-DX1,train
TCGA-G9-6348-01Z-00-DX1-x0_y0_w256_h256-mask.tif,TCGA-G9-6348-01Z-00-DX1,test
TCGA-G9-6348-01Z-00-DX1-x0_y256_w256_h256-mask.tif,TCGA-G9-6348-01Z-00-DX1,test
TCGA-G9-6348-01Z-00-DX1-x0_y512_w256_h256-mask.tif,TCGA-G9-6348-01Z-00-DX1,test
TCGA-G9-6348-01Z-00-DX1-x256_y0_w256_h256-mask.tif,TCGA-G9-6348-01Z-00-DX1,test
TCGA-G9-6348-01Z-00-DX1-x256_y256_w256_h256-mask.tif,TCGA-G9-6348-01Z-00-DX1,test
TCGA-G9-6348-01Z-00-DX1-x256_y512_w256_h256-mask.tif,TCGA-G9-6348-01Z-00-DX1,test
TCGA-G9-6348-01Z-00-DX1-x512_y0_w256_h256-mask.tif,TCGA-G9-6348-01Z-00-DX1,test
TCGA-G9-6348-01Z-00-DX1-x512_y256_w256_h256-mask.tif,TCGA-G9-6348-01Z-00-DX1,test
TCGA-G9-6348-01Z-00-DX1-x512_y512_w256_h256-mask.tif,TCGA-G9-6348-01Z-00-DX1,test
TCGA-G9-6356-01Z-00-DX1-x0_y0_w256_h256-mask.tif,TCGA-G9-6356-01Z-00-DX1,train
TCGA-G9-6356-01Z-00-DX1-x0_y256_w256_h256-mask.tif,TCGA-G9-6356-01Z-00-DX1,train
TCGA-G9-6356-01Z-00-DX1-x0_y512_w256_h256-mask.tif,TCGA-G9-6356-01Z-00-DX1,train
TCGA-G9-6356-01Z-00-DX1-x256_y0_w256_h256-mask.tif,TCGA-G9-6356-01Z-00-DX1,train
TCGA-G9-6356-01Z-00-DX1-x256_y256_w256_h256-mask.tif,TCGA-G9-6356-01Z-00-DX1,train
TCGA-G9-6356-01Z-00-DX1-x256_y512_w256_h256-mask.tif,TCGA-G9-6356-01Z-00-DX1,train
TCGA-G9-6356-01Z-00-DX1-x512_y0_w256_h256-mask.tif,TCGA-G9-6356-01Z-00-DX1,train
TCGA-G9-6356-01Z-00-DX1-x512_y256_w256_h256-mask.tif,TCGA-G9-6356-01Z-00-DX1,train
TCGA-G9-6356-01Z-00-DX1-x512_y512_w256_h256-mask.tif,TCGA-G9-6356-01Z-00-DX1,train
TCGA-G9-6362-01Z-00-DX1-x0_y0_w256_h256-mask.tif,TCGA-G9-6362-01Z-00-DX1,train
TCGA-G9-6362-01Z-00-DX1-x0_y256_w256_h256-mask.tif,TCGA-G9-6362-01Z-00-DX1,train
TCGA-G9-6362-01Z-00-DX1-x0_y512_w256_h256-mask.tif,TCGA-G9-6362-01Z-00-DX1,train
TCGA-G9-6362-01Z-00-DX1-x256_y0_w256_h256-mask.tif,TCGA-G9-6362-01Z-00-DX1,train
TCGA-G9-6362-01Z-00-DX1-x256_y256_w256_h256-mask.tif,TCGA-G9-6362-01Z-00-DX1,train
TCGA-G9-6362-01Z-00-DX1-x256_y512_w256_h256-mask.tif,TCGA-G9-6362-01Z-00-DX1,train
TCGA-G9-6362-01Z-00-DX1-x512_y0_w256_h256-mask.tif,TCGA-G9-6362-01Z-00-DX1,train
TCGA-G9-6362-01Z-00-DX1-x512_y256_w256_h256-mask.tif,TCGA-G9-6362-01Z-00-DX1,train
TCGA-G9-6362-01Z-00-DX1-x512_y512_w256_h256-mask.tif,TCGA-G9-6362-01Z-00-DX1,train
TCGA-G9-6363-01Z-00-DX1-x0_y0_w256_h256-mask.tif,TCGA-G9-6363-01Z-00-DX1,train
TCGA-G9-6363-01Z-00-DX1-x0_y256_w256_h256-mask.tif,TCGA-G9-6363-01Z-00-DX1,train
TCGA-G9-6363-01Z-00-DX1-x0_y512_w256_h256-mask.tif,TCGA-G9-6363-01Z-00-DX1,train
TCGA-G9-6363-01Z-00-DX1-x256_y0_w256_h256-mask.tif,TCGA-G9-6363-01Z-00-DX1,train
TCGA-G9-6363-01Z-00-DX1-x256_y256_w256_h256-mask.tif,TCGA-G9-6363-01Z-00-DX1,train
TCGA-G9-6363-01Z-00-DX1-x256_y512_w256_h256-mask.tif,TCGA-G9-6363-01Z-00-DX1,train
TCGA-G9-6363-01Z-00-DX1-x512_y0_w256_h256-mask.tif,TCGA-G9-6363-01Z-00-DX1,train
TCGA-G9-6363-01Z-00-DX1-x512_y256_w256_h256-mask.tif,TCGA-G9-6363-01Z-00-DX1,train
TCGA-G9-6363-01Z-00-DX1-x512_y512_w256_h256-mask.tif,TCGA-G9-6363-01Z-00-DX1,train
TCGA-HE-7128-01Z-00-DX1-x0_y0_w256_h256-mask.tif,TCGA-HE-7128-01Z-00-DX1,train
TCGA-HE-7128-01Z-00-DX1-x0_y256_w256_h256-mask.tif,TCGA-HE-7128-01Z-00-DX1,train
TCGA-HE-7128-01Z-00-DX1-x0_y512_w256_h256-mask.tif,TCGA-HE-7128-01Z-00-DX1,train
TCGA-HE-7128-01Z-00-DX1-x256_y0_w256_h256-mask.tif,TCGA-HE-7128-01Z-00-DX1,train
TCGA-HE-7128-01Z-00-DX1-x256_y256_w256_h256-mask.tif,TCGA-HE-7128-01Z-00-DX1,train
TCGA-HE-7128-01Z-00-DX1-x256_y512_w256_h256-mask.tif,TCGA-HE-7128-01Z-00-DX1,train
TCGA-HE-7128-01Z-00-DX1-x512_y0_w256_h256-mask.tif,TCGA-HE-7128-01Z-00-DX1,train
TCGA-HE-7128-01Z-00-DX1-x512_y256_w256_h256-mask.tif,TCGA-HE-7128-01Z-00-DX1,train
TCGA-HE-7128-01Z-00-DX1-x512_y512_w256_h256-mask.tif,TCGA-HE-7128-01Z-00-DX1,train
TCGA-HE-7129-01Z-00-DX1-x0_y0_w256_h256-mask.tif,TCGA-HE-7129-01Z-00-DX1,train
TCGA-HE-7129-01Z-00-DX1-x0_y256_w256_h256-mask.tif,TCGA-HE-7129-01Z-00-DX1,train
TCGA-HE-7129-01Z-00-DX1-x0_y512_w256_h256-mask.tif,TCGA-HE-7129-01Z-00-DX1,train
TCGA-HE-7129-01Z-00-DX1-x256_y0_w256_h256-mask.tif,TCGA-HE-7129-01Z-00-DX1,train
TCGA-HE-7129-01Z-00-DX1-x256_y256_w256_h256-mask.tif,TCGA-HE-7129-01Z-00-DX1,train
TCGA-HE-7129-01Z-00-DX1-x256_y512_w256_h256-mask.tif,TCGA-HE-7129-01Z-00-DX1,train
TCGA-HE-7129-01Z-00-DX1-x512_y0_w256_h256-mask.tif,TCGA-HE-7129-01Z-00-DX1,train
TCGA-HE-7129-01Z-00-DX1-x512_y256_w256_h256-mask.tif,TCGA-HE-7129-01Z-00-DX1,train
TCGA-HE-7129-01Z-00-DX1-x512_y512_w256_h256-mask.tif,TCGA-HE-7129-01Z-00-DX1,train
TCGA-HE-7130-01Z-00-DX1-x0_y0_w256_h256-mask.tif,TCGA-HE-7130-01Z-00-DX1,train
TCGA-HE-7130-01Z-00-DX1-x0_y256_w256_h256-mask.tif,TCGA-HE-7130-01Z-00-DX1,train
TCGA-HE-7130-01Z-00-DX1-x0_y512_w256_h256-mask.tif,TCGA-HE-7130-01Z-00-DX1,train
TCGA-HE-7130-01Z-00-DX1-x256_y0_w256_h256-mask.tif,TCGA-HE-7130-01Z-00-DX1,train
TCGA-HE-7130-01Z-00-DX1-x256_y256_w256_h256-mask.tif,TCGA-HE-7130-01Z-00-DX1,train
TCGA-HE-7130-01Z-00-DX1-x256_y512_w256_h256-mask.tif,TCGA-HE-7130-01Z-00-DX1,train
TCGA-HE-7130-01Z-00-DX1-x512_y0_w256_h256-mask.tif,TCGA-HE-7130-01Z-00-DX1,train
TCGA-HE-7130-01Z-00-DX1-x512_y256_w256_h256-mask.tif,TCGA-HE-7130-01Z-00-DX1,train
TCGA-HE-7130-01Z-00-DX1-x512_y512_w256_h256-mask.tif,TCGA-HE-7130-01Z-00-DX1,train
TCGA-KB-A93J-01A-01-TS1-x0_y0_w256_h256-mask.tif,TCGA-KB-A93J-01A-01-TS1,val
TCGA-KB-A93J-01A-01-TS1-x0_y256_w256_h256-mask.tif,TCGA-KB-A93J-01A-01-TS1,val
TCGA-KB-A93J-01A-01-TS1-x0_y512_w256_h256-mask.tif,TCGA-KB-A93J-01A-01-TS1,val
TCGA-KB-A93J-01A-01-TS1-x256_y0_w256_h256-mask.tif,TCGA-KB-A93J-01A-01-TS1,val
TCGA-KB-A93J-01A-01-TS1-x256_y256_w256_h256-mask.tif,TCGA-KB-A93J-01A-01-TS1,val
TCGA-KB-A93J-01A-01-TS1-x256_y512_w256_h256-mask.tif,TCGA-KB-A93J-01A-01-TS1,val
TCGA-KB-A93J-01A-01-TS1-x512_y0_w256_h256-mask.tif,TCGA-KB-A93J-01A-01-TS1,val
TCGA-KB-A93J-01A-01-TS1-x512_y256_w256_h256-mask.tif,TCGA-KB-A93J-01A-01-TS1,val
TCGA-KB-A93J-01A-01-TS1-x512_y512_w256_h256-mask.tif,TCGA-KB-A93J-01A-01-TS1,val
TCGA-MH-A561-01Z-00-DX1-x0_y0_w256_h256-mask.tif,TCGA-MH-A561-01Z-00-DX1,train
TCGA-MH-A561-01Z-00-DX1-x0_y256_w256_h256-mask.tif,TCGA-MH-A561-01Z-00-DX1,train
TCGA-MH-A561-01Z-00-DX1-x0_y512_w256_h256-mask.tif,TCGA-MH-A561-01Z-00-DX1,train
TCGA-MH-A561-01Z-00-DX1-x256_y0_w256_h256-mask.tif,TCGA-MH-A561-01Z-00-DX1,train
TCGA-MH-A561-01Z-00-DX1-x256_y256_w256_h256-mask.tif,TCGA-MH-A561-01Z-00-DX1,train
TCGA-MH-A561-01Z-00-DX1-x256_y512_w256_h256-mask.tif,TCGA-MH-A561-01Z-00-DX1,train
TCGA-MH-A561-01Z-00-DX1-x512_y0_w256_h256-mask.tif,TCGA-MH-A561-01Z-00-DX1,train
TCGA-MH-A561-01Z-00-DX1-x512_y256_w256_h256-mask.tif,TCGA-MH-A561-01Z-00-DX1,train
TCGA-MH-A561-01Z-00-DX1-x512_y512_w256_h256-mask.tif,TCGA-MH-A561-01Z-00-DX1,train
TCGA-NH-A8F7-01A-01-TS1-x0_y0_w256_h256-mask.tif,TCGA-NH-A8F7-01A-01-TS1,train
TCGA-NH-A8F7-01A-01-TS1-x0_y256_w256_h256-mask.tif,TCGA-NH-A8F7-01A-01-TS1,train
TCGA-NH-A8F7-01A-01-TS1-x0_y512_w256_h256-mask.tif,TCGA-NH-A8F7-01A-01-TS1,train
TCGA-NH-A8F7-01A-01-TS1-x256_y0_w256_h256-mask.tif,TCGA-NH-A8F7-01A-01-TS1,train
TCGA-NH-A8F7-01A-01-TS1-x256_y256_w256_h256-mask.tif,TCGA-NH-A8F7-01A-01-TS1,train
TCGA-NH-A8F7-01A-01-TS1-x256_y512_w256_h256-mask.tif,TCGA-NH-A8F7-01A-01-TS1,train
TCGA-NH-A8F7-01A-01-TS1-x512_y0_w256_h256-mask.tif,TCGA-NH-A8F7-01A-01-TS1,train
TCGA-NH-A8F7-01A-01-TS1-x512_y256_w256_h256-mask.tif,TCGA-NH-A8F7-01A-01-TS1,train
TCGA-NH-A8F7-01A-01-TS1-x512_y512_w256_h256-mask.tif,TCGA-NH-A8F7-01A-01-TS1,train
TCGA-RD-A8N9-01A-01-TS1-x0_y0_w256_h256-mask.tif,TCGA-RD-A8N9-01A-01-TS1,train
TCGA-RD-A8N9-01A-01-TS1-x0_y256_w256_h256-mask.tif,TCGA-RD-A8N9-01A-01-TS1,train
TCGA-RD-A8N9-01A-01-TS1-x0_y512_w256_h256-mask.tif,TCGA-RD-A8N9-01A-01-TS1,train
TCGA-RD-A8N9-01A-01-TS1-x256_y0_w256_h256-mask.tif,TCGA-RD-A8N9-01A-01-TS1,train
TCGA-RD-A8N9-01A-01-TS1-x256_y256_w256_h256-mask.tif,TCGA-RD-A8N9-01A-01-TS1,train
TCGA-RD-A8N9-01A-01-TS1-x256_y512_w256_h256-mask.tif,TCGA-RD-A8N9-01A-01-TS1,train
TCGA-RD-A8N9-01A-01-TS1-x512_y0_w256_h256-mask.tif,TCGA-RD-A8N9-01A-01-TS1,train
TCGA-RD-A8N9-01A-01-TS1-x512_y256_w256_h256-mask.tif,TCGA-RD-A8N9-01A-01-TS1,train
TCGA-RD-A8N9-01A-01-TS1-x512_y512_w256_h256-mask.tif,TCGA-RD-A8N9-01A-01-TS1,train
TCGA-UZ-A9PJ-01Z-00-DX1-x0_y0_w256_h256-mask.tif,TCGA-UZ-A9PJ-01Z-00-DX1,val
TCGA-UZ-A9PJ-01Z-00-DX1-x0_y256_w256_h256-mask.tif,TCGA-UZ-A9PJ-01Z-00-DX1,val
TCGA-UZ-A9PJ-01Z-00-DX1-x0_y512_w256_h256-mask.tif,TCGA-UZ-A9PJ-01Z-00-DX1,val
TCGA-UZ-A9PJ-01Z-00-DX1-x256_y0_w256_h256-mask.tif,TCGA-UZ-A9PJ-01Z-00-DX1,val
TCGA-UZ-A9PJ-01Z-00-DX1-x256_y256_w256_h256-mask.tif,TCGA-UZ-A9PJ-01Z-00-DX1,val
TCGA-UZ-A9PJ-01Z-00-DX1-x256_y512_w256_h256-mask.tif,TCGA-UZ-A9PJ-01Z-00-DX1,val
TCGA-UZ-A9PJ-01Z-00-DX1-x512_y0_w256_h256-mask.tif,TCGA-UZ-A9PJ-01Z-00-DX1,val
TCGA-UZ-A9PJ-01Z-00-DX1-x512_y256_w256_h256-mask.tif,TCGA-UZ-A9PJ-01Z-00-DX1,val
TCGA-UZ-A9PJ-01Z-00-DX1-x512_y512_w256_h256-mask.tif,TCGA-UZ-A9PJ-01Z-00-DX1,val
TCGA-UZ-A9PN-01Z-00-DX1-x0_y0_w256_h256-mask.tif,TCGA-UZ-A9PN-01Z-00-DX1,train
TCGA-UZ-A9PN-01Z-00-DX1-x0_y256_w256_h256-mask.tif,TCGA-UZ-A9PN-01Z-00-DX1,train
TCGA-UZ-A9PN-01Z-00-DX1-x0_y512_w256_h256-mask.tif,TCGA-UZ-A9PN-01Z-00-DX1,train
TCGA-UZ-A9PN-01Z-00-DX1-x256_y0_w256_h256-mask.tif,TCGA-UZ-A9PN-01Z-00-DX1,train
TCGA-UZ-A9PN-01Z-00-DX1-x256_y256_w256_h256-mask.tif,TCGA-UZ-A9PN-01Z-00-DX1,train
TCGA-UZ-A9PN-01Z-00-DX1-x256_y512_w256_h256-mask.tif,TCGA-UZ-A9PN-01Z-00-DX1,train
TCGA-UZ-A9PN-01Z-00-DX1-x512_y0_w256_h256-mask.tif,TCGA-UZ-A9PN-01Z-00-DX1,train
TCGA-UZ-A9PN-01Z-00-DX1-x512_y256_w256_h256-mask.tif,TCGA-UZ-A9PN-01Z-00-DX1,train
TCGA-UZ-A9PN-01Z-00-DX1-x512_y512_w256_h256-mask.tif,TCGA-UZ-A9PN-01Z-00-DX1,train
TCGA-XS-A8TJ-01Z-00-DX1-x0_y0_w256_h256-mask.tif,TCGA-XS-A8TJ-01Z-00-DX1,train
TCGA-XS-A8TJ-01Z-00-DX1-x0_y256_w256_h256-mask.tif,TCGA-XS-A8TJ-01Z-00-DX1,train
TCGA-XS-A8TJ-01Z-00-DX1-x0_y512_w256_h256-mask.tif,TCGA-XS-A8TJ-01Z-00-DX1,train
TCGA-XS-A8TJ-01Z-00-DX1-x256_y0_w256_h256-mask.tif,TCGA-XS-A8TJ-01Z-00-DX1,train
TCGA-XS-A8TJ-01Z-00-DX1-x256_y256_w256_h256-mask.tif,TCGA-XS-A8TJ-01Z-00-DX1,train
TCGA-XS-A8TJ-01Z-00-DX1-x256_y512_w256_h256-mask.tif,TCGA-XS-A8TJ-01Z-00-DX1,train
TCGA-XS-A8TJ-01Z-00-DX1-x512_y0_w256_h256-mask.tif,TCGA-XS-A8TJ-01Z-00-DX1,train
TCGA-XS-A8TJ-01Z-00-DX1-x512_y256_w256_h256-mask.tif,TCGA-XS-A8TJ-01Z-00-DX1,train
TCGA-XS-A8TJ-01Z-00-DX1-x512_y512_w256_h256-mask.tif,TCGA-XS-A8TJ-01Z-00-DX1,train
